ID_NIL;NIL;count;fid;max;min;value
48;RONCHETTO SUL NAVIGLIO - Q.RE LODOVICO IL MORO;196600;0;0.795068562030792;0;0.104852691060529
64;TRENNO;40043;1;0.490502685308456;1.4450537491939e-05;0.128302467913399
67;PORTELLO;74380;2;0.766281366348267;0;0.149484645990186
81;BOVISASCA;128878;3;0.554925501346588;0.000704608217347413;0.0763345697457091
84;PARCO NORD;124129;4;0.466387033462524;1.15604291295313e-06;0.0123715142818283
63;FIGINO;116511;5;0.272137999534607;0;0.0178496675608955
20;LORETO - CASORETTO - NOLO;142936;6;1;0.00182394683361053;0.41294986807907
76;QUARTO OGGIARO - VIALBA - MUSOCCO;227188;7;0.875092744827271;0;0.182297776235981
11;ISOLA;108181;8;0.85221928358078;0.00870037917047739;0.291815553909651
61;QUARTO CAGNINO;80643;9;0.558611214160919;0.000241034955251962;0.137680502337463
60;STADIO - IPPODROMI;280838;10;0.542485892772675;0;0.0590230942193542
62;QUINTO ROMANO;134555;11;0.464931011199951;3.17911799356807e-05;0.0395343570298856
1;DUOMO;191400;12;0.705606997013092;0;0.145679614028213
4;GUASTALLA;126532;13;0.664787709712982;0.000947088177781552;0.179173008730005
57;SAN SIRO;80509;14;0.941923320293427;0.00592211913317442;0.430825620039374
82;COMASINA;75782;15;0.772393047809601;5.78021456476563e-07;0.149189051840312
43;TIBALDI;64235;16;0.824827134609222;0.00259473850019276;0.253518163895267
13;GRECO - SEGNANO;144668;17;0.826159775257111;0;0.141222529235042
58;DE ANGELI - MONTE ROSA;108167;18;0.847265601158142;0.0007002730271779;0.255404313324535
78;FARINI;82625;19;0.511171281337738;0;0.0808373676248109
83;BRUZZANO;135471;20;0.817419767379761;0.000326871144352481;0.107530249785932
66;QT 8;83770;21;0.513987123966217;0;0.0602718590523159
75;STEPHENSON;45808;22;0.168784871697426;0;0.010522584585389
47;CANTALUPA;75703;23;0.262009054422379;4.79757836728822e-05;0.0111488122684207
39;QUINTOSOLE;86304;24;0.130116388201714;4.88428158860188e-05;0.0157899145820117
8;PARCO SEMPIONE;38456;25;0.283687442541122;0;0.0118976908065386
46;BARONA;163896;26;0.587842643260956;0.000495075422804803;0.121808749431804
71;VILLAPIZZONE - CAGNOLA - BOLDINASCO;280287;27;0.922151803970337;5.89581904932857e-05;0.194997490853126
88;PARCO BOSCO IN CITTA';639965;28;0.523624777793884;0;0.00360538782821619
16;GORLA - PRECOTTO;245335;29;0.849727153778076;0;0.1743587053162
14;NIGUARDA - CA' GRANDA - PRATO CENTENARO - Q.RE FULVIO TESTI;347127;30;0.871218860149384;4.33516106568277e-06;0.143095648800727
32;TRIULZO SUPERIORE;113500;31;0.535447299480438;0;0.0170082416282351
27;PTA ROMANA;81951;32;0.766012847423553;0.000573108321987092;0.308996858641139
30;TALIEDO - MORSENCHIO - Q.RE FORLANINI;312255;33;0.628751516342163;0;0.0688072511348898
6;PORTA TICINESE - CONCA DEL NAVIGLIO;102565;34;0.864043831825256;0.00361725850962102;0.300599676881734
59;TRE TORRI;41970;35;0.673995018005371;0;0.0707169986094979
87;ASSIANO;475608;36;0.137867078185081;0;0.00155545864287134
37;MORIVIONE;66837;37;0.779959619045258;0.0112084150314331;0.167586567297118
38;VIGENTINO - Q.RE FATIMA;151403;38;0.604768574237823;0;0.108264694949076
15;BICOCCA;124055;39;0.650738060474396;0;0.0779648517794527
29;ORTOMERCATO;114612;40;0.908393144607544;0;0.0690182982175732
35;LODI - CORVETTO;297294;41;0.892238020896912;0;0.157503362622522
54;MUGGIANO;36302;42;0.404714733362198;0.0023074618075043;0.0805905297809866
44;PORTA TICINESE - CONCHETTA;121260;43;0.718326926231384;0.000331206305418164;0.215047792450107
28;UMBRIA - MOLISE - CALVAIRATE;97427;44;0.914243578910828;0.0115667879581451;0.284608925143954
74;ROSERIO;57531;45;0.375289410352707;3.52593087882269e-05;0.0214439352703597
40;RONCHETTO DELLE RANE;15426;46;0.186376377940178;6.3871375459712e-05;0.0438949721465079
65;Q.RE GALLARATESE - Q.RE SAN LEONARDO - LAMPUGNANO;318607;47;0.720498025417328;2.74560206889873e-05;0.123063690141773
31;MONLUE' - PONTE LAMBRO;214784;48;0.57706743478775;0;0.0307380508040927
19;PADOVA - TURRO - CRESCENZAGO;168656;49;0.903833985328674;0.00281409756280482;0.27764868838049
41;GRATOSOGLIO - Q.RE MISSAGLIA - Q.RE TERRAZZE;270771;50;0.66407185792923;0;0.0776972356830126
51;PORTA MAGENTA;106770;51;0.906214594841003;0.030570400878787;0.343583681628735
56;FORZE ARMATE;262114;52;0.760084092617035;2.94790952466428e-05;0.113089092436879
70;GHISOLFA;86009;53;0.899651110172272;8.26570758363232e-05;0.280748258358137
34;CHIARAVALLE;25277;54;0.290444821119308;4.97098480991554e-05;0.032243105280214
85;PARCO DELLE ABBAZIE;1136952;55;0.237801507115364;0;0.0016263443306781
12;MACIACHINI - MAGGIOLINA;137005;56;0.955092370510101;0.01426643691957;0.25112247842232
52;BANDE NERE;217763;57;0.926116704940796;0.00120344071183354;0.261490398248325
23;LAMBRATE - ORTICA;252808;58;0.735608041286469;0;0.0561967319010375
42;STADERA - CHIESA ROSSA - Q.RE TORRETTA - CONCA FALLATA;263995;59;0.782906711101532;0;0.137371372445501
5;PORTA VIGENTINA - PORTA LODOVICA;92773;60;0.858611345291138;3.17911826641648e-06;0.20668453257548
36;SCALO ROMANA;141896;61;0.851088345050812;4.6241716518125e-06;0.107441991791083
26;XXII MARZO;133870;62;0.853231370449066;2.02307523977652e-06;0.36586567192052
18;CIMIANO - ROTTOLE - Q.RE FELTRE;406544;63;0.797948837280273;0;0.0649801474440651
79;DERGANO;111102;64;0.927707433700562;0.00310281943529844;0.280879475476364
55;BAGGIO - Q.RE DEGLI OLMI - Q.RE VALSESIA;283494;65;0.859284698963165;0.000168493264936842;0.125186994147142
24;PARCO FORLANINI - CAVRIANO;239003;66;0.23712232708931;0;0.00784061412556145
3;GIARDINI P.TA VENEZIA;20409;67;0.257993519306183;0.00103147933259606;0.0264449759976833
9;PORTA GARIBALDI - PORTA NUOVA;64247;68;0.614780783653259;0.000165025136084296;0.13611006095129
80;AFFORI;169421;69;0.787461817264557;0.00249387370422482;0.190503105060766
21;BUENOS AIRES - PORTA VENEZIA - PORTA MONFORTE;235241;70;0.905279636383057;0.0239231530576944;0.398494522638486
45;MONCUCCO - SAN CRISTOFORO;130426;71;0.745609283447266;6.32933515589684e-05;0.141753558411475
10;STAZIONE CENTRALE - PONTE SEVESO;127241;72;0.923686444759369;0.00100749148987234;0.210962520188068
77;BOVISA;156491;73;0.7381831407547;0;0.108102163223444
72;MAGGIORE - MUSOCCO - CERTOSA;247889;74;0.489723205566406;0;0.0343898291233677
49;GIAMBELLINO;160833;75;0.954471826553345;0.00364009034819901;0.260173887666088
22;CITTA' STUDI;180491;76;0.911903738975525;0.000362419465091079;0.273734930862204
50;PORTA GENOVA;81476;77;0.877700507640839;0.00228983210399747;0.25564993353104
25;CORSICA;88375;78;0.952271580696106;0.0108003318309784;0.318279039957567
7;MAGENTA - S. VITTORE;113622;79;0.772696793079376;0.00131904508452863;0.227221689571562
73;CASCINA MERLATA;140634;80;0.0380502864718437;0;0.00296325132413748
69;SARPI;148122;81;0.991360008716583;0;0.289072600415536
86;PARCO DEI NAVIGLI;295915;82;0.242497354745865;0;0.00320727365392353
68;PAGANO;105441;83;0.77116447687149;0.0081607960164547;0.228810665591421
2;BRERA;133873;84;0.671811521053314;0.00322362571023405;0.204687990203402
33;ROGOREDO - SANTA GIULIA;98045;85;0.891368925571442;5.49120431969641e-06;0.121498289608726
17;ADRIANO;198971;86;0.719993948936462;0;0.104725737748843
53;LORENTEGGIO;216000;87;0.680787920951843;0;0.0792275300202546
