id;Municipio;Nome Sede;Indirizzo Sede;Aria condizionata;Wifi;Giardino;Barriere Architettoniche;Bar/Punto di ristoro gestito;Distributore automatico di bevande e/o alimenti;Orari di apertura;Periodo di chiusura;Attività disponibili;Note;LONG_X_4326;LAT_Y_4326;Location
3;Municipio 1;Romana - Vigentina (ex CAM);Corso di Porta Vigentina, 15/a;si;si;no;no;no;no;Dal 1 giugno al 24 luglio: Lun 15:30-19:00, Mar 10:00-14:30, Mer 10:00-14:00, Gio 15:30-19:00, Ven 10:00-13:00 Dal 27 luglio al 4 settembre: Lun 09:00-13:00, Mar 09:00-13:00, Mer 09:00-13:00, Gio 09:00-13:00, Ven 09:00-13:00. Dal 7 al 18 settembre: Lun 15:30-19:00, Mar 10:00-14:30, Mer 10:00-14:00, Gio 15:30-19:00, Ven 10:00-13:00.;Dal 8 al 23 agosto;Libero accesso per socialità;;9.19614255791748;45.4539946092888;(45.4539946092888, 9.19614255791748)
8;Municipio 2;Sammartini;Via Sammartini, 71/73;si;si;no;no;no;si;Dal 1 al 31 agosto: Lunedì 14:00-18:00, Martedì 14:00-18:00, Mercoledì 14:00-18:00, Giovedì 14:00-18:00, Venerdì 14:00-18:00, Sabato 14:00-18:00, Domenica 14:00-18:00.;15 August;;;9.21420474983561;45.4975722844978;(45.4975722844978, 9.21420474983561)
9;Municipio 2;Sant'Uguzzone (CSRC);Via Sant'Uguzzone, 24;si;si;si;no;si;no;Dal 1 giugno al 20 settembre: Lun 14:30-19:00, Mar 9:00-12:00 e 14:30-19:00, Mer 9:00-12:00 e 14:30-19:00, Gio 9:00-12:00 e 14:30-19:00, Ven 9:00-12:00 e 14:30-19:00, Sab 9:00-12:00 e 14:30-19:00, Dom 9:00-12:00 e 14:30-19:00.;chiuso dal 16 agosto al 9 settembre;;;9.2247507078357;45.5209371902115;(45.5209371902115, 9.2247507078357)
10;Municipio 2;Sant'Uguzzone (CAM);Via Sant'Uguzzone 8;si;no;si;no;no;si;Dal 1 al 31 agosto: Lun 10:00-17:00, Mar 10:00-17:00, Mer 10:00-17:00, Gio 10:00-17:00, Ven 10:00-17:00.;tutto il mese di agosto;giochi da tavolo, carte;;9.22602113166266;45.5211642589938;(45.5211642589938, 9.22602113166266)
11;Municipio 2;Trasimeno;Via Trasimeno, 41;si;si;si;no;si;no;Dal 1 giugno al 20 settembre: Lunedì 15:00-18:00, Martedì 15:00-18:00, Mercoledì 15:00-18:00, Giovedì 15:00-18:00, Venerdì 15:00-18:00, Domenica 15:00-18:00.;dal 9 al 17 agosto;;;9.24873473063721;45.5145877769677;(45.5145877769677, 9.24873473063721)
15;Municipio 3;Boscovich;via Boscovich, 42;si;no;no;no;no;si;Dal 1 giugno 7 agosto e dal 24 agosto al 30 settembre: Lun 15:00-18:00, Mar 15:00-18:00, Mer 15:00-18:00, Gio 15:00-18:00, Ven 15:00-18:00.;Dal 8 al 23 agosto;gioco carte (tombola al sabato);;9.20657626982876;45.4804232630769;(45.4804232630769, 9.20657626982876)
16;Municipio 3;Feltre;Via Crescenzago, 56;si;no;si;no;no;si;Dal 1 giugno 3 luglio: Lun 15:00-18:00, Mar 10:15-12:00 e 15:00-18:00, Mer 15:00-18:00, Gio 15:00-18:00, Ven 15:00-18:00, Sab 15:00-18:00, Dom 10:00-12:00. Dal 6 al 31 luglio: Lun 15:00-18:00, Mar 15:00-18:00, Mer 15:00-18:00, Gio 15:00-18:00, Ven 15:00-18:00, Sab 15:00-18:00. Dal 3 al 7 agosto: Lun 15:00-18:00, Mar 15:00-18:00, Mer 15:00-18:00, Gio 15:00-18:00, Ven 15:00-18:00, Sab 15:00-18:00. Dal 24 agosto al 4 settembre: Lun 15:00-18:00, Mar 15:00-18:00, Mer 15:00-18:00, Gio 15:00-18:00, Ven 15:00-18:00, Sab 15:00-18:00. Dal 7 al 30 settembre: Lun 15:00-18:00, Mar 10:15-12:00 e 15:00-18:00, Mer 15:00-18:00, Gio 15:00-18:00, Ven 15:00-18:00, Sab 15:00-18:00, DOm 10:00-12:00.;Dal 10 al 23 agosto compresi;gioco carte e scacchi;;9.24136950423299;45.4916298184582;(45.4916298184582, 9.24136950423299)
17;Municipio 3;Valvassori Peroni;Via Valvassori Peroni, 56;si;no;no;no;no;no;Dal 01/06/2026 al 14/06/2026 Lun 15:00-18:00, Mer 15:00-18:00, Ven 15:00-18:00. Dal 15/06/2026 al 14/07/2026 Lun 16:00-19:00, Mar 10:30-12:30, Mer 16:00-19:00, Ven 15:00-18:00. Dal 15/07/2026 al 07/08/2026 Lun 16:00-19:00, Mer 16:00-19:00, Ven 15:00-18:00.;dal 10 al 23 agosto compresi;gioco carte, bookcrossing e uncinetto mercoledì;;9.23719818892187;45.4795734555018;(45.4795734555018, 9.23719818892187)
18;Municipio 4;Acquabella;Via Don Carlo San Martino, 10;si;si;no;no;si;si;Dal 1 giugno al 11 settembre: Lun 14:30-17:30, Mar 14:30-17:30, Mer 14:30-17:30, Giov 14:30-17:30, Ven 14:30-17:30, Sab 14:30-17:30, Dom 14:30-17:30.;dal 3 al 21 Agosto;tombola,merenda e carte;aperto anche il 15 agosto, aria condizionata presente solo in salone e bar;9.23532198866464;45.4680156397908;(45.4680156397908, 9.23532198866464)
19;Municipio 4;Calvi;Via P. Calvi, 31;si;si;no;no;no;si;Dal 1 giugno al 15 settembre: Lun 15:00-18:00, Mar 15:00-18:00, Mer 15:00-18:00, Gio 15:00-18:00, Ven 15:00-18:00, Sab 15:00-18:00, Dom 15:00-18:00.;dal 9 al 23 agosto;Tombola carte e ballo;;9.2103854495512;45.4667850876116;(45.4667850876116, 9.2103854495512)
20;Municipio 4;Mompiani;Via G.Mompiani, 5;si;si;no;no;si;no;Dal 1 giugno al 31 luglio: Lun 14,45-17:45, Mer 14:45-17:45, Ven 14:45-17:45.;agosto tutto il mese;tombola,merenda e carte;;9.22201039113785;45.4383171436852;(45.4383171436852, 9.22201039113785)
24;Municipio 4;Zante;Via Zante, 36;si;si;no;no;no;si;Dal 1 al 30 giugno: Lun 14:30-17:30, Mar 14:30-17:30, Mer 14:30-17:30, Gio 14:30-17:30, Ven 14:30-17:30, Sab 14:30-17:30, Dom 15:00-18:00. Dal 1 al 31 luglio: Lun 14:30-17:30, Mar 14:30-17:30, Mer 14:30-17:30, Gio 14:30-17:30, Ven 14:30-17:30. Dal 1 al 11 settembre: Lun 14:30-17:30, Mar 14:30-17:30, Mer 14:30-17:30, Gio 14:30-17:30, Ven 14:30-17:30, Sab 14:30-17:30, Dom 15:00-18:00.;Tutto il mese di agosto;tombola e carte;;9.24800923344117;45.4595238893964;(45.4595238893964, 9.24800923344117)
25;Municipio 5;Boifava;Via Boifava, 17;si;si;no;no;no;si;Dal 1 giugno al 7 agosto: Lun 9:00-12:00, Mer 9:00-12:00, Gio 9:00-12:00,;Dal 7 al 30 agosto;Libera aggregazione;Orari di apertura indicati solo fino al 7 agosto;9.17477904046163;45.4274613047181;(45.4274613047181, 9.17477904046163)
26;Municipio 5;De André;Via De André, 9;si;no;no;no;si;no;Dal 1 giugno al 7agosto: Lun 09:00-12:00, Mer 10:00-13:00.;15 e 16 agosto;Libera aggregazione, intesa come possibilità di utilizzare gli spazi della CdQ in maniera autonoma per momenti di socialità spontanea e attività ludiche, momenti informativi alla cittadinanza sulle attività estive promosse nelle CdQ;Orari di apertura indicati solo fino al 7 agosto;9.17437972335961;45.4227612880459;(45.4227612880459, 9.17437972335961)
29;Municipio 5;Saponaro (CAM);Via Saponaro, 30;si;si;no;no;no;si;Dal 1 al 14 giugno: Lun 17:30-20:30, Mar 9:00-12:00 e 18:30-20:30, Mer 12:00-18:00 e 17:30-21:00, Gio 14:00-17:00 e 18:00-20:30, Ven 8:45-12:00 e 12:00-21:00. Dal 15 al 19 giugno:  Lun 8:30-16:30 e 17:30-20:30, Mar 9:00-12:00 e 18:30-20:30, Mer 08:30-21:00, Gio 14:00-17:00 e 18:00-20:30, Ven 8:30-21:00. Dal 20 al 30 giugno: Lun 17:30-20:30, Mar 9:00-12:00 e 18:30-20:30, Mer 12:00-18:00 e 17:30-21:00, Gio 14:00-17:00 e 18:00-20:30, Ven 8:45-12:00 e 12:00-21:00. Dal 1 al 30 luglio: Lun 8:30-16:30 e 17:30-20:30, Mar 8:30-16:30 e 9:00-12:00 e 18:30-20:30, Mer 8:30-16:30 e 12:00-18:00 e 17:30-21:00, Gio 8:30-17:00 e 18:00-20:30, Ven 8:30-21:00. Dal 1 al 6 agosto: Mer 12:00-18:00, Ven 12:00-19:00.;15-ago;Libera aggregazione;Orari di apertura indicati solo fino al 7 agosto;9.17316512333264;45.4072020523115;(45.4072020523115, 9.17316512333264)
33;Municipio 6;Rudinì;via Di Rudinì, 14;si;si;si;no;no;si;Dal 15 al 22 giugno: Ven 09:00-12:00. Dal 23 al 30 giugno: Mar 09:00-12:00, Mer 09:00-12:00, Gio 09:00-12:00, Ven 09:00-12:00. Dal 1 lugliuo al 21 luglio: Lun 09:00-12:00. Dal 22 al 30 luglio: Lun  09:00-12:00, Mar  09:00-12:00, Mer  09:00-12:00, Gio  09:00-12:00, Ven  09:00-12:00. Dal 1al 7 agosto: Mar  09:00-12:00, Mer  09:00-12:00, Gio  09:00-12:00, Ven  09:00-12:00.;Dal 8 agosto a metà settembre;Spazio carte e libera aggregazione e ballo ( venerdì, sabato e domenica);;9.15640695927599;45.4335079990443;(45.4335079990443, 9.15640695927599)
34;Municipio 6;Donne Partigiane;Via Donne Partigiane;si;si;no;no;si;no;Dal 15 giugno al 15 luglio: Lun 14:30-18:30, Mar 14:30-18:30, Mer 14:30-18:30, Gio 14:30-18:30, Ven 14:30-18:30, Sab 14:30-18:30, Dom 14:30-18:30.;ND;Spazio carte e libera aggregazione e ballo e bocce ( venerdì, sabato e domenica);;9.14959082189089;45.4324479235438;(45.4324479235438, 9.14959082189089)
35;Municipio 6;La Spezia;Via La Spezia, 26/1;si;si;si;no;no;no;Dal 15 giugno al 14 settembre: Lun 9:00-12:00, GIo 14:30-18:30, Ven 15:15-19:15.;ND;Spazio carte/danzante e libera aggregazione;;9.17162179551191;45.4393197701367;(45.4393197701367, 9.17162179551191)
37;Municipio 6;Narcisi;Via dei Narcisi, 3;si;no;si;no;no;si;dal 15 giugno al 14 settembre: Lun 14:00-18:30, Mar 14:00-18:30, Mer 14:00-18:30, Gio 14:00-18:30, Ven 14:00-18:30, Sab 14:00-18:30, Dom 14:00-18:30.;ND;;;9.12854680273215;45.4501677815673;(45.4501677815673, 9.12854680273215)
38;Municipio 6;San Paolino;Via San Paolino, 18 - (piano terra);si;si;si;no;no;no;Dal 15 giugno al 21 Luglio: Lun 14:30-17:30, Mar 09:00-13:00, Gio 16:30-19:30, Ven 15:30:19:00. Dal 22 luglio al 6 settembre: Lun 14:30-17:30, Gio 16:30-19:30, Ven 15:30:19:00. Dal 7 al 14 settembre: Lun 14:30-17:30 e 18:00-20:00, Gio 16:30-19:30, Ven 15:30:19:00.;ND;Spazio carte/danzante e libera aggregazione;;9.16356582768829;45.431347020287;(45.431347020287, 9.16356582768829)
39;Municipio 7;Anselmo Da Baggio;Via Da Baggio, 54;si;si;si;no;si;no;Dal 1 giugno al 31 agosto: Lun 15:00-18:00, Mar 15:00-18:00, Mer 15:00-18:00, Gio 15:00-18:00, Ven 15:00-18:00.;Settimana di Ferragosto 10-31 agosto;Gioco carte;;9.08839982205155;45.4649987968298;(45.4649987968298, 9.08839982205155)
40;Municipio 7;Caio Mario;Via Caio Mario, 18;si;si;si;no;si;no;Dal 1 giugno al 31 agosto: Lun 15:00-18:00, Mar 15:00-18:00, Mer 15:00-18:00, Gio 15:00-18:00, Ven 15:00-18:00, Sab 15:00-18:00.;Ferragosto 15 agosto;Gioco carte;;9.0883488336308;45.4775573829238;(45.4775573829238, 9.0883488336308)
45;Municipio 7;Osteno;Via da Osteno, 2/a;si;no;si;no;no;si;Dal 1 giugno al 31 agosto: Lun 15:00-18:00, Mar 15:00-18:00, Mer 15:00-18:00, Gio 15:00-18:00, Ven 15:00-18:00, Sab 15:00-18:00.;Settimana di Ferragosto 10-16 agosto;Gioco carte;;9.11343226101044;45.4610587134759;(45.4610587134759, 9.11343226101044)
46;Municipio 7;Stratico;Via Stratico, 5;si;no;si;no;si;no;Dal 1 giugno al 31 agosto: Lun 15:00-18:00, Mar 15:00-18:00, Mer 15:00-18:00, Gio 15:00-18:00, Ven 15:00-18:00.;Settimana di Ferragosto 10-16 agosto;Gioco carte, lettura;;9.13561604298232;45.4757785163027;(45.4757785163027, 9.13561604298232)
47;Municipio 8;Aldini;Via Aldini, 72;si;no;no;no;si;no;Dal 1 giugno al 20 settembre: Lun 14:30-18:00, Mar 14:30-18:00, Mer 14:30-18:00, Gio 14:30-18:00, Ven 14:30-18:00, Sab 14:30-18:00, Dom 14:30-18:00.;dal 5 al 19 luglio e tutto agosto;Biliardo, gioco carte, libera aggregazione, laboratori di musica d'insieme, DIBATTITI CULTURALI, campo di bocce all'aperto.;Aperta solo il pomeriggio dal lun alla domenica meno di due mesi;9.13160290277163;45.5118148830207;(45.5118148830207, 9.13160290277163)
48;Municipio 8;Appennini;Via Appennini, 147/A (98,94);si;no;si;no;si;no;Dal 1 giugno al 20 settembre: Lun 15:00-18:00, Mar 15:00-18:00, Mer 15:00-18:00, Gio 15:00-18:00, Ven 15:00-18:00, Sab 15:00-18:00.;02-giu;gioco carte, libera aggregazione, lettura;;9.10164241630198;45.5053453452302;(45.5053453452302, 9.10164241630198)
49;Municipio 8;Cenisio;Via Cenisio, 4;si;si;si;no;si;si;Dal 1 giugno al 31 luglio: Lun 15:00-18:00, Mar 14:30-18:00, Mer 15:00-18:00, Gio 14:30-18:00, Ven 15:00-18:00, Dom 14:30-18:00.;agosto;carte, scacchi, dama, giochi liberi da tavolo;;9.17285291949283;45.4876825951617;(45.4876825951617, 9.17285291949283)
53;Municipio 8;Pecetta;Via della Pecetta, 29;si;si;si;no;no;si;Dal 1 giugno al 31 luglio: Lun 14:00-19:00, Mar 14:00-19:00, Mer 14:00-19:00, Gio 14:00-19:00, Ven 14:00-19:00. Dal 31 agosto al 04 settembre: Lun 17:00-19:00, Mar 17:00-19:00, Mer 17:00-19:00, Gio 17:00-19:00, Ven 17:00-19:00.;agosto;Gioco carte, ping pong, calcetto, campi di bocce, calcio, basket e pallavolo;;9.16121060597306;45.4950948421474;(45.4950948421474, 9.16121060597306)
54;Municipio 8;Satta;Via Satta, 23;si;no;si;no;si;no;Dal 1 giugno al 20 settembre: Lun 14:3 -18:30, Mar 14:3 -18:30, Mer 14:3 -18:30, Gio 14:3 -18:30, Ven 14:3 -18:30, Sab 14:3 -18:30.;10/08 - 18/08;socialità, carte, lettura, sala tv, sala bar;;9.14447133127445;45.5181829338621;(45.5181829338621, 9.14447133127445)
56;Municipio 9;Cassina Anna - EX CSRC;Via Sant'Arnaldo, 17;si;no;no;no;si;;Dal 1 giugno al 21 settembre: Lun 15:00-18:00, Mar 15:00-18:00, Mer 15:00-18:00, Gio 15:00-18:00, Ven 15:00-18:00, Sab 15:00-18:00, Dom 15:00-18:00.;dal 10/08 al 23/08;carte, lettura, ballo, socializzazione;;9.17763285541431;45.5254475428862;(45.5254475428862, 9.17763285541431)
58;Municipio 9;Grivola;Via Grivola, 10;si;no;si;no;no;si;Dal 1 giugno al 21 settembre: Lun 15:00-18:00, Mar 15:00-18:00, Mer 15:00-18:00, Gio 15:00-18:00, Ven 15:00-18:00, Dom 15:00-18:00.;01/08/26 al 24/08/2026;carte, lettura, tombola, ballo, ginnastica;;9.19427738274669;45.5179280096398;(45.5179280096398, 9.19427738274669)
59;Municipio 9;Montegrappa;Via Monte Grappa, 8A;si;si;si;no;si;;Dal 1 giugno al 21 settembre: Lun 15:00-18:00, Mar 15:00-18:00, ,er 15:00-18:00, Gio 15:00-18:00, Ven 15:00-18:00, Sab 15:00-18:00.;Nessuna chiusura;carte, lettura, ballo, socializzazione;;9.19101402368524;45.4806934403822;(45.4806934403822, 9.19101402368524)
61;Municipio 9;Val di Bondo;Via Val di Bondo, 13;si;si;si;no;si;no;Dal 1 giugno al 30 settembre: Lun 14:30-18:00, Mar 14:30-18:00, Mer 14:30-18:00, Gio 14:30-18:00, Ven 14:30-18:00, Sab 14:30-18:00, Dom 14:30-18:00.;Nessuna Chiusura;Gioco delle carte;;9.16010473393519;45.5246321107644;(45.5246321107644, 9.16010473393519)
62;Municipio 9;Brivio;Via C. Brivio, 4;si;no;si;no;no;si;Dal 1 giugno al 1 agosto: Lun 15.00-18.00, Mar 15.00-18.00, Mer 15.00-18.00, Gio 15.00-18.00, Ven 15.00-18.00, Sab 15.00-18.00, Dom 15.00-18.00. Dal 17 agosto al 21 settembre: Lun 15.00-18.00, Mar 15.00-18.00, Mer 15.00-18.00, Gio 15.00-18.00, Ven 15.00-18.00, Sab 15.00-18.00, Dom 15.00-18.00.;dal 02/08 al 16/08;carte, ballo, sociaizzazione;;9.1772613590402;45.5038469889047;(45.5038469889047, 9.1772613590402)
