Municipio;Nome Parco;Orari;Ingresso;LONG_X_4326;LAT_Y_4326;Location
6;Parco Don Giussani;accesso libero;via Solari, via Montevideo;9.165683;45.458243;(45.458243, 9.165683)
5;Giardino Paolo Scrofani;accesso libero;Viale Giovanni da Cermenate;9.18172;45.43767;(45.43767, 9.18172)
5;Area verde in Via San Dionigi;accesso libero;Via San Dionigi, via Pismonte;9.216661;45.435853;(45.435853, 9.216661)
9;Parco delle Favole;accesso libero;via Fermi, via Cavalletto;9.177684;45.513744;(45.513744, 9.177684)
2;Giardinetti di Piazzale Farina;accesso libero;Piazzale Salvatore Farina;9.199941;45.498548;(45.498548, 9.199941)
9;Parco Nicolò Savarino;Maggio: 6:30-20:00. Giugno, Luglio ed Agosto: 6:30-22:00. Settembre: 6:30-21:00;via Livigno, via Guerzoni;9.177795;45.499396;(45.499396, 9.177795)
2;Parco Panza;accesso libero;via Ernesto Breda;9.222595;45.521762;(45.521762, 9.222595)
2;Area verde in Via G. Carnovali;accesso libero;Via Giovanni Carnovali;9.2307;45.511333;(45.511333, 9.2307)
3;Viale delle Rimembranze di Lambrate;accesso libero;Viale delle Rimembranze di Lambrate, via Console Flaminio, via Muzio Scevola;9.241315;45.482514;(45.482514, 9.241315)
7;Giardino Luigi Marangoni;accesso libero;piazza Axum, via Don Gnocchi;9.122036;45.474662;(45.474662, 9.122036)
5;Area verde in via P. Bottoni;accesso libero;via Piero Bottoni;9.209003;45.427626;(45.427626, 9.209003)
4;Area verde in Piazzale Gabrio Rosa;accesso libero;Gabrio Rosa;9.223843;45.437186;(45.437186, 9.223843)
6;Area verde in Piazza Napoli;accesso libero;Piazza Napoli;9.153275;45.452835;(45.452835, 9.153275)
1;Giardino Oriana Fallaci;da maggio a settembre:  tutti i giorni 7:00-22:00;via Quadronno, via Crivelli;9.194247;45.453772;(45.453772, 9.194247)
4;Area verde in Via Bonfadini e Via Sordello;accesso libero;via Bonfadini, via Sordello;9.245474;45.444514;(45.444514, 9.245474)
5;Area verde in via G. Ripamonti;accesso libero;via Giuseppe Ripamonti;9.203972;45.424778;(45.424778, 9.203972)
8;Parco Valentino Bompiani;accesso libero;via Carlo Linneo, viale Luca Comerio;9.164371;45.477397;(45.477397, 9.164371)
7;Area verde in Piazzale Selinunte;accesso libero;Piazzale Selinunte;9.137262;45.472051;(45.472051, 9.137262)
8;Parco Guido Vergani;accesso libero;Via Guido d’Arezzo, via Pallavicino;9.160399;45.470187;(45.470187, 9.160399)
9;Area verde in Via Dora Baltea;accesso libero;via Dora Baltea, via Oroboni;9.167161;45.528426;(45.528426, 9.167161)
5;Area verde in Piazza Agrippa;accesso libero;Piazza Agrippa;9.183807;45.433496;(45.433496, 9.183807)
4;Parco Pirelli;accesso libero;via Enrico Caviglia;9.229775;45.442723;(45.442723, 9.229775)
4;Area verde in Piazzale Martini;accesso libero;Piazzale Martini;9.220122;45.45718;(45.45718, 9.220122)
9;Giardino Antonio Maglio;accesso libero;Viale Fulvio Testi;9.210399;45.524585;(45.524585, 9.210399)
7;Area verde in Piazzale Crivellone;accesso libero;Piazzale Crivellone, via Giuseppe Pellizza da Volpedo;9.146406;45.472443;(45.472443, 9.146406)
8;Giardino Sergio Ramelli;Da Maggio a Ottobre: tutti i giorni 7:00-21:00;via Bronzino, via Pinturicchio;9.117421;45.493191;(45.493191, 9.117421)
2;Giardino Aldo Protti;accesso libero;piazza Carbonari;9.1988;45.491652;(45.491652, 9.1988)
1;Giardino della Villa Belgiojoso Bonaparte;Da Maggio a Ottobre: tutti i giorni 9:00-19:00 ;via Palestro;9.198883;45.472245;(45.472245, 9.198883)
6;Area verde in Largo Giambellino;accesso libero;Largo Giambellino;9.135206;45.446942;(45.446942, 9.135206)
6;Area verde in Via Lorenzo Perosi;accesso libero;Via Lorenzo Perosi, via Pietro Rondoni, Via Pompeo Neri;9.143774;45.455693;(45.455693, 9.143774)
4;Area verde in Via Carlo Garavaglia;accesso libero;Via Alessandro Mazzucotelli, Via Carlo Garavaglia;9.246095;45.461533;(45.461533, 9.246095)
4;Area verde in Via Mecenate;accesso libero;Via Mecenate;9.253437;45.448631;(45.448631, 9.253437)
4;Area verde in Via M.F. Quintiliano;accesso libero;Via Marco Fabio Quintiliano, Viale Ungheria;9.250278;45.447374;(45.447374, 9.250278)
4;Area verde in Piazza Insubria;accesso libero;Piazza Insubria;9.220544;45.452993;(45.452993, 9.220544)
5;Giardino Franca Helg;accesso libero;Viale Ortles;9.211269;45.440759;(45.440759, 9.211269)
8;Parco Monte Stella;accesso libero;via Cimabue, via Isernia;9.130492;45.489866;(45.489866, 9.130492)
8;Parco di Villa Scheibler;Tutti i giorni 6:30-00:00;via Lessona, via Anderloni;9.135222;45.516356;(45.516356, 9.135222)
3;Area verde in Via Morgagni;accesso libero;Via Giovanni Battista Morgagni;9.212902;45.478765;(45.478765, 9.212902)
2;Parco Trotter;Aprile-Giugno: dal lunedì al venerdì 16:30-21:00, sabato e domenica 7:00-21:00. Luglio: dal lunedì al venerdì 16:30-22:00, sabato e domenica 7:00-22:00. Agosto: tutti i giorni 7:00-22:00;via Giacosa, via Padova;9.225442;45.494077;(45.494077, 9.225442)
5;Giardino Mario Capponi;accesso libero;vie Aicardo, Boeri, Giovanni da Cermenate, Piazza Caduti del Lavoro;9.185424;45.439245;(45.439245, 9.185424)
8;Area verde in Via Mario Borsa;accesso libero;Via Mario Borsa;9.097198;45.502859;(45.502859, 9.097198)
5;Area verde in Via Adelaide Coari;accesso libero;Via Adelaide Coari;9.197447;45.434809;(45.434809, 9.197447)
5;Parco Alessandrina Ravizza;accesso libero;viale Toscana, via Bocconi;9.192121;45.447806;(45.447806, 9.192121)
7;Parco in memoria delle Vittime Italiane nei Gulag;accesso libero;via Valsesia;9.096851;45.455175;(45.455175, 9.096851)
7;Parco di Baggio;accesso libero;via Anselmo da Baggio;9.090036;45.463875;(45.463875, 9.090036)
3;Giardino Giulio Polotti;accesso libero;Piazza Aspromonte;9.220444;45.483879;(45.483879, 9.220444)
4;Giardini Italo Pietra;accesso libero;Corso Indipendenza, via Bronzetti;9.21451;45.467832;(45.467832, 9.21451)
8;Area verde in Piazzale Damiano Chiesa;accesso libero;Piazzale Damiano Chiesa;9.155931;45.484247;(45.484247, 9.155931)
7;Area verde in Viale Caterina da Forlì;accesso libero;Viale Caterina da Forlì;9.146667;45.459698;(45.459698, 9.146667)
8;Parco Giovanni Testori;accesso libero;via degli Ailanti, via dei Frassini, via delle Querce, viale dei Pioppi;9.154943;45.497977;(45.497977, 9.154943)
1;Parco Sempione 1;Da Aprile a Settembre: tutti i giorni 6:00-00:00;via Pagano, via Bertani, Piazza Castello, viale Elvezia, viale Milton, viale Gladio, viale Alemagna e viale Legnano. Via Principe Eugenio e Via Ammiraglio Caracciolo;9.175712;45.47121;(45.47121, 9.175712)
1;Parco Sempione 2;Da aprile a settembre: tutti i giorni 6:00-00:00;via Pagano, via Bertani, Piazza Castello, viale Elvezia, viale Milton, viale Gladio, viale Alemagna e viale Legnano. Via Principe Eugenio e Via Ammiraglio Caracciolo;9.174372;45.476112;(45.476112, 9.174372)
1;Parco Sempione 3;Da aprile a settembre: tutti i giorni 6:00-00:00;via Pagano, via Bertani, Piazza Castello, viale Elvezia, viale Milton, viale Gladio, viale Alemagna e viale Legnano. Via Principe Eugenio e Via Ammiraglio Caracciolo;9.180154;45.473384;(45.473384, 9.180154)
4;Area verde in Piazzale Libia;accesso libero;Piazzale Libia;9.208982;45.454783;(45.454783, 9.208982)
9;Giardino Franco Basaglia;accesso libero;Via Ippocrate, Via Ettore Ciccotti;9.164276;45.52214;(45.52214, 9.164276)
7;Area verde in Piazza Po;accesso libero;Piazza Po;9.157618;45.462013;(45.462013, 9.157618)
9;Pioppeto Bovisasca;accesso libero;via Bovisasca;9.156448;45.517137;(45.517137, 9.156448)
6;Giardino Vincenzo Muccioli;accesso libero;via Cola di Rienzo, via Stendhal;9.159146;45.455502;(45.455502, 9.159146)
6;Area verde in Via Tortona;accesso libero;Via Tortona;9.156378;45.450142;(45.450142, 9.156378)
1;Parco Indro Montanelli;Da aprile a settembre: tutti i giorni 6:00-00:00;via Palestro, corso Venezia;9.198005;45.47539;(45.47539, 9.198005)
3;Parco Lambro 1;accesso libero;via Feltre, via Casiraghi;9.252496;45.498187;(45.498187, 9.252496)
3;Parco Lambro 2;accesso libero;via Feltre, via Casiraghi;9.249514;45.498312;(45.498312, 9.249514)
2;Area verde in Via Paolo Giacometti;accesso libero;Via Paolo Giacometti;9.219682;45.513548;(45.513548, 9.219682)
9;Parco Nord;accesso libero;viale Fulvio Testi, viale Enrico Fermi, via Giancarlo Clerici;9.183032;45.525213;(45.525213, 9.183032)
6;Area verde in Via San Paolino;accesso libero;Via San Paolino;9.163501;45.430102;(45.430102, 9.163501)
9;Parco Via Fermi Via Valeggio;accesso libero;Via Fermi, Via Valeggio;9.180887;45.506868;(45.506868, 9.180887)
4;Parco Forlanini;accesso libero;via Salesina;9.264997;45.464621;(45.464621, 9.264997)
