fid;Toponimo;Municipio;Indirizzo;LONG_X_4326;LAT_Y_4326;Location
1;Parco Sempione;1;viale Cervantes;9.1749395682391;45.4744407556243;(45.4744407556243, 9.1749395682391)
3;Lambrate;3;via Valvassori Peroni, 56;9.23767147034669;45.4796470527814;(45.4796470527814, 9.23767147034669)
4;Venezia;3;via Frisi 2/4;9.2085245098505;45.4748572660166;(45.4748572660166, 9.2085245098505)
5;Calvairate;4;piazzale Martini, 16;9.2206338998516;45.4555165250626;(45.4555165250626, 9.2206338998516)
6;Oglio;4;via Oglio, 18;9.21751739178902;45.4405507734466;(45.4405507734466, 9.21751739178902)
7;Chiesa Rossa;5;via San Domenico Savio, 3;9.17386305607029;45.4304095757252;(45.4304095757252, 9.17386305607029)
8;Tibaldi;5;viale Tibaldi, 41;9.18297065296329;45.4449815131915;(45.4449815131915, 9.18297065296329)
9;Baggio;7;via Pistoia, 10;9.09034248352564;45.4633198546895;(45.4633198546895, 9.09034248352564)
10;Sicilia;7;via Sacco, 14;9.15209646952489;45.4650221598029;(45.4650221598029, 9.15209646952489)
11;Accursio;8;piazzale Accursio, 5;9.14612305552793;45.49134073049;(45.49134073049, 9.14612305552793)
12;Gallaratese;8;via Quarenghi, 21;9.11495111504165;45.4962260002829;(45.4962260002829, 9.11495111504165)
13;Villapizzone;8;via Ferrario Grugnola, 3;9.14756392230578;45.4993062188642;(45.4993062188642, 9.14756392230578)
14;Dergano-Bovisa;9;via Baldinucci, 76;9.16853170511974;45.5037573938348;(45.5037573938348, 9.16853170511974)
15;Niguarda;9;via Passerini, 5;9.19309480815272;45.5152408165671;(45.5152408165671, 9.19309480815272)
