citta,data,livello,data_estrazione
MILANO,2026-09-20,Livello0,2026-09-18
MILANO,2026-09-19,Livello0,2026-09-18
MILANO,2026-09-18,Livello0,2026-09-18
MILANO,2026-09-17,Livello0,2026-09-17
MILANO,2026-09-16,Livello0,2026-09-16
MILANO,2026-09-15,Livello0,2026-09-15
MILANO,2026-09-14,Livello0,2026-09-14
MILANO,2026-09-13,Livello0,2026-09-11
MILANO,2026-09-12,Livello0,2026-09-11
MILANO,2026-09-11,Livello0,2026-09-11
MILANO,2026-09-10,Livello0,2026-09-10
MILANO,2026-09-09,Livello0,2026-09-09
MILANO,2026-09-08,Livello0,2026-09-08
MILANO,2026-09-07,Livello0,2026-09-07
MILANO,2026-09-06,Livello0,2026-09-04
MILANO,2026-09-05,Livello1,2026-09-04
MILANO,2026-09-04,Livello0,2026-09-04
MILANO,2026-09-03,Livello0,2026-09-03
MILANO,2026-09-02,Livello0,2026-09-02
MILANO,2026-09-01,Livello0,2026-09-01
MILANO,2026-08-31,Livello0,2026-08-31
MILANO,2026-08-30,Livello0,2026-08-28
MILANO,2026-08-29,Livello0,2026-08-28
MILANO,2026-08-28,Livello1,2026-08-28
MILANO,2026-08-27,Livello0,2026-08-27
MILANO,2026-08-26,Livello0,2026-08-26
MILANO,2026-08-25,Livello0,2026-08-25
MILANO,2026-08-24,Livello0,2026-08-24
MILANO,2026-08-23,Livello0,2026-08-21
MILANO,2026-08-22,Livello0,2026-08-21
MILANO,2026-08-21,Livello0,2026-08-21
MILANO,2026-08-20,Livello0,2026-08-20
MILANO,2026-08-19,Livello0,2026-08-19
MILANO,2026-08-18,Livello0,2026-08-18
MILANO,2026-08-17,Livello0,2026-08-17
MILANO,2026-08-16,Livello1,2026-08-14
MILANO,2026-08-15,Livello1,2026-08-14
MILANO,2026-08-14,Livello1,2026-08-14
MILANO,2026-08-13,Livello1,2026-08-13
MILANO,2026-08-12,Livello1,2026-08-12
MILANO,2026-08-11,Livello2,2026-08-11
MILANO,2026-08-10,Livello2,2026-08-10
MILANO,2026-08-09,Livello1,2026-08-08
MILANO,2026-08-08,Livello1,2026-08-08
MILANO,2026-08-07,Livello3,2026-08-07
MILANO,2026-08-06,Livello3,2026-08-06
MILANO,2026-08-05,Livello3,2026-08-05
MILANO,2026-08-04,Livello3,2026-08-04
MILANO,2026-08-03,Livello3,2026-08-03
MILANO,2026-08-02,Livello3,2026-08-01
MILANO,2026-08-01,Livello3,2026-08-01
MILANO,2026-07-31,Livello2,2026-07-31
MILANO,2026-07-30,Livello2,2026-07-30
MILANO,2026-07-29,Livello1,2026-07-29
MILANO,2026-07-28,Livello1,2026-07-28
MILANO,2026-07-27,Livello0,2026-07-27
MILANO,2026-07-26,Livello0,2026-07-24
MILANO,2026-07-25,Livello0,2026-07-24
MILANO,2026-07-24,Livello0,2026-07-24
MILANO,2026-07-23,Livello0,2026-07-23
MILANO,2026-07-22,Livello0,2026-07-22
MILANO,2026-07-21,Livello0,2026-07-21
MILANO,2026-07-20,Livello0,2026-07-20
MILANO,2026-07-19,Livello1,2026-07-18
MILANO,2026-07-18,Livello1,2026-07-18
MILANO,2026-07-17,Livello3,2026-07-17
MILANO,2026-07-16,Livello2,2026-07-16
MILANO,2026-07-15,Livello2,2026-07-15
MILANO,2026-07-14,Livello1,2026-07-14
MILANO,2026-07-13,Livello1,2026-07-13
MILANO,2026-07-12,Livello1,2026-07-10
MILANO,2026-07-11,Livello1,2026-07-10
MILANO,2026-07-10,Livello1,2026-07-10
MILANO,2026-07-09,Livello1,2026-07-09
MILANO,2026-07-08,Livello2,2026-07-08
MILANO,2026-07-07,Livello1,2026-07-07
MILANO,2026-07-06,Livello1,2026-07-06
MILANO,2026-07-05,Livello0,2026-07-03
MILANO,2026-07-04,Livello0,2026-07-03
MILANO,2026-07-03,Livello0,2026-07-03
MILANO,2026-07-02,Livello1,2026-07-02
MILANO,2026-07-01,Livello3,2026-07-01
MILANO,2026-06-30,Livello3,2026-06-30
MILANO,2026-06-29,Livello3,2026-06-29
MILANO,2026-06-28,Livello3,2026-06-26
MILANO,2026-06-27,Livello3,2026-06-26
MILANO,2026-06-26,Livello3,2026-06-26
MILANO,2026-06-25,Livello3,2026-06-25
MILANO,2026-06-24,Livello3,2026-06-24
MILANO,2026-06-23,Livello3,2026-06-23
MILANO,2026-06-22,Livello3,2026-06-22
MILANO,2026-06-21,Livello3,2026-06-19
MILANO,2026-06-20,Livello2,2026-06-19
MILANO,2026-06-19,Livello2,2026-06-19
MILANO,2026-06-18,Livello1,2026-06-18
MILANO,2026-06-17,Livello0,2026-06-17
MILANO,2026-06-16,Livello0,2026-06-16
MILANO,2026-06-15,Livello0,2026-06-15
MILANO,2026-06-14,Livello0,2026-06-12
MILANO,2026-06-13,Livello0,2026-06-12
MILANO,2026-06-12,Livello0,2026-06-12
MILANO,2026-06-11,Livello0,2026-06-11
MILANO,2026-06-10,Livello0,2026-06-10
MILANO,2026-06-09,Livello0,2026-06-09
MILANO,2026-06-08,Livello0,2026-06-08
MILANO,2026-06-07,Livello0,2026-06-05
MILANO,2026-06-06,Livello0,2026-06-05
MILANO,2026-06-05,Livello0,2026-06-05
MILANO,2026-06-04,Livello0,2026-06-04
MILANO,2026-06-03,Livello0,2026-06-03
MILANO,2026-06-02,Livello0,2026-06-01
MILANO,2026-06-01,Livello0,2026-06-01
MILANO,2026-05-31,Livello1,2026-05-29
MILANO,2026-05-30,Livello1,2026-05-29
MILANO,2026-05-29,Livello1,2026-05-29
MILANO,2026-05-28,Livello1,2026-05-28
MILANO,2026-05-27,Livello2,2026-05-28
MILANO,2026-05-26,Livello1,2026-05-27
MILANO,2025-09-21,Livello0,2025-09-19
MILANO,2025-09-20,Livello0,2025-09-19
MILANO,2025-09-19,Livello0,2025-09-19
MILANO,2025-09-18,Livello0,2025-09-19
MILANO,2025-09-17,Livello0,2025-09-17
MILANO,2025-09-16,Livello0,2025-09-16
MILANO,2025-09-15,Livello0,2025-09-15
MILANO,2025-09-14,Livello0,2025-09-12
MILANO,2025-09-13,Livello0,2025-09-12
MILANO,2025-09-12,Livello0,2025-09-12
MILANO,2025-09-11,Livello0,2025-09-11
MILANO,2025-09-10,Livello0,2025-09-10
MILANO,2025-09-09,Livello0,2025-09-09
MILANO,2025-09-08,Livello0,2025-09-08
MILANO,2025-09-07,Livello0,2025-09-05
MILANO,2025-09-06,Livello0,2025-09-05
MILANO,2025-09-05,Livello0,2025-09-05
MILANO,2025-09-04,Livello0,2025-09-04
MILANO,2025-09-03,Livello0,2025-09-03
MILANO,2025-09-02,Livello0,2025-09-02
MILANO,2025-09-01,Livello0,2025-09-01
MILANO,2025-08-31,Livello0,2025-08-29
MILANO,2025-08-30,Livello0,2025-08-29
MILANO,2025-08-29,Livello0,2025-08-29
MILANO,2025-08-28,Livello0,2025-08-28
MILANO,2025-08-27,Livello0,2025-08-27
MILANO,2025-08-26,Livello0,2025-08-26
MILANO,2025-08-25,Livello0,2025-08-25
MILANO,2025-08-24,Livello0,2025-08-22
MILANO,2025-08-23,Livello0,2025-08-22
MILANO,2025-08-22,Livello0,2025-08-22
MILANO,2025-08-21,Livello0,2025-08-21
MILANO,2025-08-20,Livello0,2025-08-20
MILANO,2025-08-19,Livello0,2025-08-19
MILANO,2025-08-18,Livello0,2025-08-18
MILANO,2025-08-16,Livello3,2025-08-14
MILANO,2025-08-15,Livello3,2025-08-14
MILANO,2025-08-14,Livello3,2025-08-14
MILANO,2025-08-13,Livello3,2025-08-13
MILANO,2025-08-12,Livello3,2025-08-12
MILANO,2025-08-11,Livello2,2025-08-11
MILANO,2025-08-10,Livello2,2025-08-08
MILANO,2025-08-09,Livello1,2025-08-08
MILANO,2025-08-08,Livello1,2025-08-08
MILANO,2025-08-07,Livello0,2025-08-07
MILANO,2025-08-06,Livello0,2025-08-06
MILANO,2025-08-05,Livello0,2025-08-05
MILANO,2025-08-04,Livello0,2025-08-04
MILANO,2025-08-03,Livello0,2025-08-01
MILANO,2025-08-02,Livello0,2025-08-01
MILANO,2025-08-01,Livello0,2025-08-01
MILANO,2025-07-31,Livello0,2025-07-31
MILANO,2025-07-30,Livello0,2025-07-30
MILANO,2025-07-29,Livello0,2025-07-29
MILANO,2025-07-27,Livello0,2025-07-25
MILANO,2025-07-26,Livello0,2025-07-25
MILANO,2025-07-25,Livello0,2025-07-25
MILANO,2025-07-24,Livello0,2025-07-24
MILANO,2025-07-23,Livello0,2025-07-23
MILANO,2025-07-22,Livello0,2025-07-22
MILANO,2025-07-21,Livello0,2025-07-21
MILANO,2025-07-20,Livello0,2025-07-18
MILANO,2025-07-19,Livello0,2025-07-18
MILANO,2025-07-18,Livello0,2025-07-18
MILANO,2025-07-17,Livello0,2025-07-17
MILANO,2025-07-16,Livello0,2025-07-16
MILANO,2025-07-15,Livello0,2025-07-15
MILANO,2025-07-14,Livello0,2025-07-14
MILANO,2025-07-13,Livello0,2025-07-11
MILANO,2025-07-12,Livello0,2025-07-11
MILANO,2025-07-11,Livello0,2025-07-11
MILANO,2025-07-10,Livello0,2025-07-10
MILANO,2025-07-09,Livello0,2025-07-09
MILANO,2025-07-08,Livello0,2025-07-08
MILANO,2025-07-07,Livello0,2025-07-07
MILANO,2025-07-06,Livello1,2025-07-04
MILANO,2025-07-05,Livello1,2025-07-04
MILANO,2025-07-04,Livello3,2025-07-04
MILANO,2025-07-03,Livello3,2025-07-03
MILANO,2025-07-02,Livello3,2025-07-02
MILANO,2025-07-01,Livello3,2025-07-01
MILANO,2025-06-30,Livello3,2025-06-30
MILANO,2025-06-29,Livello3,2025-06-27
MILANO,2025-06-28,Livello3,2025-06-27
MILANO,2025-06-27,Livello3,2025-06-27
MILANO,2025-06-26,Livello2,2025-06-26
MILANO,2025-06-25,Livello2,2025-06-25
MILANO,2025-06-24,Livello1,2025-06-24
MILANO,2025-06-23,Livello1,2025-06-23
MILANO,2025-06-22,Livello0,2025-06-20
MILANO,2025-06-21,Livello0,2025-06-20
MILANO,2025-06-20,Livello1,2025-06-20
MILANO,2025-06-19,Livello0,2025-06-19
MILANO,2025-06-18,Livello0,2025-06-18
MILANO,2025-06-17,Livello0,2025-06-17
MILANO,2025-06-16,Livello0,2025-06-16
MILANO,2025-06-15,Livello2,2025-06-13
MILANO,2025-06-14,Livello1,2025-06-13
MILANO,2025-06-13,Livello1,2025-06-13
MILANO,2025-06-12,Livello1,2025-06-12
MILANO,2025-06-11,Livello1,2025-06-11
MILANO,2025-06-10,Livello0,2025-06-10
MILANO,2025-06-09,Livello0,2025-06-09
MILANO,2025-06-08,Livello0,2025-06-07
MILANO,2025-06-07,Livello0,2025-06-07
MILANO,2025-06-06,Livello0,2025-06-07
MILANO,2024-09-21,Livello0,2024-09-19
MILANO,2024-09-20,Livello0,2024-09-19
MILANO,2024-09-19,Livello0,2024-09-19
MILANO,2024-09-18,Livello0,2024-09-18
MILANO,2024-09-17,Livello0,2024-09-17
MILANO,2024-09-16,Livello0,2024-09-16
MILANO,2024-09-15,Livello0,2024-09-13
MILANO,2024-09-14,Livello0,2024-09-13
MILANO,2024-09-13,Livello0,2024-09-13
MILANO,2024-09-12,Livello0,2024-09-12
MILANO,2024-09-11,Livello0,2024-09-11
MILANO,2024-09-10,Livello0,2024-09-10
MILANO,2024-09-09,Livello0,2024-09-09
MILANO,2024-09-08,Livello0,2024-09-06
MILANO,2024-09-07,Livello0,2024-09-06
MILANO,2024-09-06,Livello0,2024-09-06
MILANO,2024-09-05,Livello0,2024-09-04
MILANO,2024-09-04,Livello0,2024-09-04
MILANO,2024-09-03,Livello0,2024-09-03
MILANO,2024-09-02,Livello0,2024-09-02
MILANO,2024-09-01,Livello0,2024-08-30
MILANO,2024-08-31,Livello1,2024-08-30
MILANO,2024-08-30,Livello1,2024-08-30
MILANO,2024-08-29,Livello1,2024-08-28
MILANO,2024-08-28,Livello0,2024-08-28
MILANO,2024-08-27,Livello0,2024-08-27
MILANO,2024-08-26,Livello0,2024-08-26
MILANO,2024-08-25,Livello0,2024-08-23
MILANO,2024-08-24,Livello0,2024-08-23
MILANO,2024-08-23,Livello0,2024-08-23
MILANO,2024-08-22,Livello0,2024-08-22
MILANO,2024-08-21,Livello0,2024-08-21
MILANO,2024-08-20,Livello0,2024-08-20
MILANO,2024-08-19,Livello0,2024-08-19
MILANO,2024-08-18,Livello0,2024-08-16
MILANO,2024-08-17,Livello1,2024-08-16
MILANO,2024-08-16,Livello1,2024-08-16
MILANO,2024-08-15,Livello3,2024-08-14
MILANO,2024-08-14,Livello3,2024-08-14
MILANO,2024-08-13,Livello3,2024-08-13
MILANO,2024-08-12,Livello2,2024-08-12
MILANO,2024-08-11,Livello2,2024-08-09
MILANO,2024-08-10,Livello1,2024-08-09
MILANO,2024-08-09,Livello1,2024-08-09
MILANO,2024-08-08,Livello1,2024-08-08
MILANO,2024-08-07,Livello0,2024-08-07
MILANO,2024-08-06,Livello0,2024-08-06
MILANO,2024-08-05,Livello0,2024-08-05
MILANO,2024-08-04,Livello0,2024-08-02
MILANO,2024-08-03,Livello0,2024-08-02
MILANO,2024-08-02,Livello1,2024-08-02
MILANO,2024-08-01,Livello3,2024-08-01
MILANO,2024-07-31,Livello3,2024-07-31
MILANO,2024-07-30,Livello3,2024-07-30
MILANO,2024-07-29,Livello3,2024-07-29
MILANO,2024-07-28,Livello2,2024-07-26
MILANO,2024-07-27,Livello1,2024-07-26
MILANO,2024-07-26,Livello1,2024-07-26
MILANO,2024-07-25,Livello0,2024-07-25
MILANO,2024-07-24,Livello1,2024-07-24
MILANO,2024-07-23,Livello1,2024-07-23
MILANO,2024-07-22,Livello1,2024-07-22
MILANO,2024-07-21,Livello0,2024-07-19
MILANO,2024-07-20,Livello1,2024-07-19
MILANO,2024-07-19,Livello2,2024-07-19
MILANO,2024-07-18,Livello2,2024-07-18
MILANO,2024-07-17,Livello1,2024-07-17
MILANO,2024-07-16,Livello0,2024-07-16
MILANO,2024-07-15,Livello0,2024-07-15
MILANO,2024-07-14,Livello0,2024-07-12
MILANO,2024-07-13,Livello0,2024-07-12
MILANO,2024-07-12,Livello1,2024-07-12
MILANO,2024-07-11,Livello1,2024-07-11
MILANO,2024-07-10,Livello1,2024-07-10
MILANO,2024-07-09,Livello0,2024-07-09
MILANO,2024-07-08,Livello0,2024-07-08
MILANO,2024-07-07,Livello0,2024-07-05
MILANO,2024-07-06,Livello0,2024-07-05
MILANO,2024-07-05,Livello0,2024-07-05
MILANO,2024-07-04,Livello0,2024-07-04
MILANO,2024-07-03,Livello0,2024-07-03
MILANO,2024-07-02,Livello0,2024-07-02
MILANO,2023-10-01,Livello0,2023-09-29
MILANO,2023-09-30,Livello0,2023-09-29
MILANO,2023-09-29,Livello0,2023-09-29
MILANO,2023-09-28,Livello0,2023-09-27
MILANO,2023-09-27,Livello0,2023-09-27
MILANO,2023-09-26,Livello0,2023-09-26
MILANO,2023-09-24,Livello0,2023-09-22
MILANO,2023-09-23,Livello0,2023-09-22
MILANO,2023-09-22,Livello0,2023-09-22
MILANO,2023-09-21,Livello0,2023-09-21
MILANO,2023-09-20,Livello0,2023-09-20
MILANO,2023-09-19,Livello0,2023-09-19
MILANO,2023-09-18,Livello0,2023-09-18
MILANO,2023-09-17,Livello0,2023-09-15
MILANO,2023-09-16,Livello0,2023-09-15
MILANO,2023-09-15,Livello0,2023-09-15
MILANO,2023-09-14,Livello0,2023-09-14
MILANO,2023-09-13,Livello0,2023-09-13
MILANO,2023-09-12,Livello0,2023-09-12
MILANO,2023-09-11,Livello0,2023-09-11
MILANO,2023-09-10,Livello0,2023-09-08
MILANO,2023-09-09,Livello0,2023-09-08
MILANO,2023-09-08,Livello0,2023-09-08
MILANO,2023-09-07,Livello0,2023-09-07
MILANO,2023-09-06,Livello0,2023-09-07
MILANO,2023-09-05,Livello0,2023-09-05
MILANO,2023-09-04,Livello0,2023-09-04
MILANO,2023-09-03,Livello0,2023-09-01
MILANO,2023-09-02,Livello0,2023-09-01
MILANO,2023-09-01,Livello0,2023-09-01
MILANO,2023-08-31,Livello0,2023-08-31
MILANO,2023-08-30,Livello0,2023-08-30
MILANO,2023-08-29,Livello0,2023-08-29
MILANO,2023-08-28,Livello0,2023-08-28
MILANO,2023-08-27,Livello0,2023-08-25
MILANO,2023-08-26,Livello1,2023-08-25
MILANO,2023-08-25,Livello3,2023-08-25
MILANO,2023-08-24,Livello3,2023-08-24
MILANO,2023-08-23,Livello3,2023-08-23
MILANO,2023-08-22,Livello3,2023-08-22
MILANO,2023-08-21,Livello2,2023-08-21
MILANO,2023-08-20,Livello2,2023-08-18
MILANO,2023-08-19,Livello1,2023-08-18
MILANO,2023-08-18,Livello1,2023-08-18
MILANO,2023-08-17,Livello1,2023-08-17
MILANO,2023-08-16,Livello1,2023-08-16
MILANO,2023-08-15,Livello1,2023-08-15
MILANO,2023-08-14,Livello1,2023-08-15
MILANO,2023-08-13,Livello1,2023-08-15
MILANO,2023-08-12,Livello0,2023-08-15
MILANO,2023-08-11,Livello0,2023-08-15
MILANO,2023-08-10,Livello0,2023-08-10
MILANO,2023-08-09,Livello0,2023-08-09
MILANO,2023-08-08,Livello0,2023-08-08
MILANO,2023-08-07,Livello0,2023-08-07
MILANO,2023-08-06,Livello0,2023-08-04
MILANO,2023-08-05,Livello0,2023-08-04
MILANO,2023-08-04,Livello0,2023-08-04
MILANO,2023-08-03,Livello1,2023-08-03
MILANO,2023-08-02,Livello1,2023-08-02
MILANO,2023-08-01,Livello0,2023-08-01
MILANO,2023-07-31,Livello0,2023-07-31
MILANO,2023-07-30,Livello0,2023-07-28
MILANO,2023-07-29,Livello0,2023-07-28
MILANO,2023-07-28,Livello0,2023-07-28
MILANO,2023-07-27,Livello0,2023-07-27
MILANO,2023-07-26,Livello0,2023-07-26
MILANO,2023-07-25,Livello0,2023-07-25
MILANO,2023-07-24,Livello0,2023-07-24
MILANO,2023-07-23,Livello0,2023-07-21
MILANO,2023-07-22,Livello0,2023-07-21
MILANO,2023-07-21,Livello0,2023-07-21
MILANO,2023-07-20,Livello1,2023-07-20
MILANO,2023-07-19,Livello2,2023-07-19
MILANO,2023-07-18,Livello2,2023-07-18
MILANO,2023-07-17,Livello1,2023-07-17
MILANO,2023-07-16,Livello2,2023-07-14
MILANO,2023-07-15,Livello1,2023-07-14
MILANO,2023-07-14,Livello0,2023-07-14
MILANO,2023-07-13,Livello1,2023-07-13
MILANO,2023-07-12,Livello1,2023-07-12
MILANO,2023-07-11,Livello2,2023-07-11
MILANO,2023-07-10,Livello2,2023-07-10
MILANO,2023-07-09,Livello1,2023-07-08
MILANO,2023-07-08,Livello0,2023-07-08
MILANO,2023-07-07,Livello0,2023-07-08
